text,label
"Subject: Weekly engineering standup notes

Here are the notes from today's engineering standup. The team discussed deployment schedules, bug fixes, testing progress, and next week's priorities.",0
"Subject: Your weekly newsletter

Here is this week's newsletter with product updates, community announcements, new articles, and recommended resources.",0
"Subject: Security activity summary

Here is your monthly security summary. We are providing general information about recent sign-in activity and account protection recommendations.",0
"Subject: Payroll information

Attached is the payroll information for your records. Please review the document when convenient and contact HR with questions.",0
"Subject: Payment receipt

Thank you for your payment. This message confirms that your transaction was successfully processed and includes the receipt for your records.",0
"Subject: Product update

We have released several improvements to the product, including performance improvements, usability changes, and new notification settings.",0
"Subject: Account notification

This is a routine account notification containing information about your recent activity and available account settings.",0
"Subject: Document sharing notification

A colleague shared a document with you for review. You can open it through the organization's normal document-sharing service.",0
"Subject: Community digest

Here are this week's community highlights, upcoming events, featured projects, and recommended discussions.",0
"Subject: Monthly account summary

Your monthly account summary is now available. This message contains general information about account activity and service usage.",0